{"cameraMode":{"drawMode":0,"name":"Shaded","section":"Shading Mode"},"sceneLighting":false,"audioPlay":false,"sceneViewState":{"m_AlwaysRefresh":false,"showFog":true,"showSkybox":false,"showFlares":true,"showImageEffects":true,"showParticleSystems":true,"showVisualEffectGraphs":true,"m_FxEnabled":true},"in2DMode":false,"pivot":{"x":12.25848388671875,"y":0.26119887828826907,"z":-9.918289184570313},"rotation":{"x":0.06930367648601532,"y":0.9272137880325317,"z":-0.21514713764190675,"w":0.29872578382492068},"size":0.763336181640625,"orthographic":true}