{"cameraMode":{"drawMode":0,"name":"Shaded","section":"Shading Mode"},"sceneLighting":false,"audioPlay":false,"sceneViewState":{"m_AlwaysRefresh":false,"showFog":true,"showSkybox":false,"showFlares":true,"showImageEffects":true,"showParticleSystems":true,"showVisualEffectGraphs":true,"m_FxEnabled":true},"in2DMode":false,"pivot":{"x":2.245095729827881,"y":2.1884090900421144,"z":0.8599986433982849},"rotation":{"x":-0.030818184837698938,"y":-0.9336040019989014,"z":0.08283766359090805,"w":-0.34724828600883486},"size":2.9075491428375246,"orthographic":true}