{"cameraMode":{"drawMode":0,"name":"Shaded","section":"Shading Mode"},"sceneLighting":false,"audioPlay":false,"sceneViewState":{"m_AlwaysRefresh":false,"showFog":true,"showSkybox":false,"showFlares":true,"showImageEffects":true,"showParticleSystems":true,"showVisualEffectGraphs":true,"m_FxEnabled":true},"in2DMode":false,"pivot":{"x":-24.469999313354493,"y":10.739999771118164,"z":-26.940000534057618},"rotation":{"x":0.09243063628673554,"y":0.8935621380805969,"z":-0.21583348512649537,"w":0.38272568583488467},"size":0.48458558320999148,"orthographic":true}