{"cameraMode":{"drawMode":0,"name":"Shaded","section":"Shading Mode"},"sceneLighting":true,"audioPlay":false,"sceneViewState":{"m_AlwaysRefresh":false,"showFog":true,"showSkybox":true,"showFlares":true,"showImageEffects":true,"showParticleSystems":true,"showVisualEffectGraphs":true,"m_FxEnabled":true},"in2DMode":false,"pivot":{"x":-18.080181121826173,"y":17.918476104736329,"z":-24.897008895874025},"rotation":{"x":0.028270293027162553,"y":0.9621956944465637,"z":-0.24773883819580079,"w":0.10985127091407776},"size":52.18252182006836,"orthographic":true}